<?xml version="1.0" encoding="UTF-8"?><_ROOT_ EMVERSION="15.1" ORIENTATION="HORIZONTAL">
<Workspace>
<NODES>
<NODE CLASS="SASHELP.EMUTIL.CONTROLPOINT.CLASS" COMPONENT="ControlPoint" ID="CNTRL" X="1161" Y="202" DESCRIPTION="Control Point" DIAGRAMID="_ROOT_" PARENTID="">
<PROPERTIES/>
</NODE>
<NODE CLASS="SASHELP.EMCORE.EXTENSION.CLASS" COMPONENT="EndGroup" ID="EndGrp" X="1467" Y="202" DESCRIPTION="End Groups" DIAGRAMID="_ROOT_" PARENTID="" TOOLTYPE="MODEL" TOOLPREFIX="EndGrp">
<PROPERTIES Location="CATALOG" Catalog="SASHELP.EMUTIL.ENDGP.SOURCE" ToolType="MODEL" ForceRun="N" RunAction="Train" Component="EndGroup">
<VariableProperties/>
<EmVariableAttributes/>
<EmTargetAttributes/>
<EmFileProperties>
<USERTRAINCODE Type="EXTERNAL" Extension="sas">
<Data/>
</USERTRAINCODE>
<EMNOTES Type="EXTERNAL" Extension="txt">
<Data/>
</EMNOTES>
</EmFileProperties>
</PROPERTIES>
</NODE>
<NODE CLASS="SASHELP.EMCORE.EXTENSION.CLASS" COMPONENT="FileImport" ID="FIMPORT" X="76" Y="104" DESCRIPTION="File Import" DIAGRAMID="_ROOT_" PARENTID="" TOOLTYPE="SAMPLE" TOOLPREFIX="FIMPORT">
<PROPERTIES Location="CATALOG" Catalog="SASHELP.EMSAMP.Fimport.SOURCE" ImportType="Local" GuessRows="500" Delimiter="," NameRow="Y" SkipRows="0" MaxRows="1000000" MaxCols="10000" FileType="csv" Role="TRAIN" ForceRun="N" Summarize="N" AdvancedAdvisor="N" RunAction="Train" Component="FileImport" IFileName="C:\Users\pearl\Documents\BAN_Winter 2022\BAN210 - Predictive Analytics\Final Project - Breast Cancer Dataset\breast-cancer.csv" AccessTable="NoTableName" UserID="NoUserID" Password="NoPassword">
<VariableProperties/>
<EmVariableAttributes>
<DELTA Variable="Class" AttributeName="ROLE" AttributeValue="TARGET"/>
<DELTA Variable="Class" AttributeName="LEVEL" AttributeValue="BINARY"/>
</EmVariableAttributes>
<EmTargetAttributes/>
<EmFileProperties>
<USERTRAINCODE Type="EXTERNAL" Extension="sas">
<Data/>
</USERTRAINCODE>
<VARIABLESETDELTA Type="EXTERNAL" Extension="txt">
<Data><![CDATA[
if NAME=&quot;Class&quot; then do;
ROLE=&quot;TARGET&quot;;
LEVEL=&quot;BINARY&quot;;
ORDER=&quot;&quot;;
DROP=&quot;N&quot;;
end;
]]>
</Data>
</VARIABLESETDELTA>
<DELTACODE Type="EXTERNAL" Extension="txt">
<Data><![CDATA[
if NAME=&quot;Class&quot; then do;
ROLE=&quot;TARGET&quot;;
LEVEL=&quot;BINARY&quot;;
ORDER=&quot;&quot;;
end;
drop DROP;
]]>
</Data>
</DELTACODE>
<EMNOTES Type="EXTERNAL" Extension="txt">
<Data/>
</EMNOTES>
</EmFileProperties>
</PROPERTIES>
</NODE>
<NODE CLASS="SASHELP.EMCORE.EXTENSION.CLASS" COMPONENT="GraphExplore" ID="GrfExpl" X="244" Y="77" DESCRIPTION="Graph Explore" DIAGRAMID="_ROOT_" PARENTID="" TOOLTYPE="EXPLORE" TOOLPREFIX="GrfExpl">
<PROPERTIES Location="CATALOG" Catalog="SASHELP.EMEXPL.GRAPHEXPLORE.SOURCE" EmSampleMethod="FIRSTN" EmSampleSize="DEFAULT" EmRandomSeed="12345" Target="Y" GroupByTarget="Y" ForceRun="N" RunAction="Train" Component="GraphExplore" DataSource="SAMPLE" DataNeeded="Y">
<VariableProperties/>
<EmVariableAttributes/>
<EmTargetAttributes/>
<EmFileProperties>
<USERTRAINCODE Type="EXTERNAL" Extension="sas">
<Data/>
</USERTRAINCODE>
<EMNOTES Type="EXTERNAL" Extension="txt">
<Data/>
</EMNOTES>
</EmFileProperties>
</PROPERTIES>
</NODE>
<NODE CLASS="SASHELP.EMCORE.EXTENSION.CLASS" COMPONENT="StartGroup" ID="Grp" X="867" Y="200" DESCRIPTION="Start Groups" DIAGRAMID="_ROOT_" PARENTID="" TOOLTYPE="UTILITY" TOOLPREFIX="Grp">
<PROPERTIES Location="CATALOG" Catalog="SASHELP.EMUTIL.GP.SOURCE" ForceRun="N" TargetGroup="N" Mode="CROSSVALIDATION" SizeType="PERCENT" SizePercent="10.0" SizeObs="." RandomSeed="12345" MinimumObs="10" IndexCount="10" RunAction="Train" Component="StartGroup" DataNeeded="Y">
<VariableProperties/>
<EmVariableAttributes>
<DELTA Variable="M_REP_breast_quad" AttributeName="GROUPROLE" AttributeValue="GROUP"/>
<DELTA Variable="M_REP_node_caps" AttributeName="GROUPROLE" AttributeValue="GROUP"/>
</EmVariableAttributes>
<EmTargetAttributes/>
<EmFileProperties>
<USERTRAINCODE Type="EXTERNAL" Extension="sas">
<Data/>
</USERTRAINCODE>
<EMNOTES Type="EXTERNAL" Extension="txt">
<Data/>
</EMNOTES>
</EmFileProperties>
</PROPERTIES>
</NODE>
<NODE CLASS="SASHELP.EMMDFY.EMIMPUTE.CLASS" COMPONENT="Impute" ID="Impt" X="554" Y="200" DESCRIPTION="Impute" DIAGRAMID="_ROOT_" PARENTID="" TOOLTYPE="MODIFY" TOOLPREFIX="Impt">
<PROPERTIES MethodInterval="TREESURR" MethodClass="TREESURR" MethodTargetInterval="NONE" MethodTargetClass="NONE" ABWTuning="9" AHUBERTuning="1.5" AWAVETuning="6.2831853072" SpacingProportion="90" DefaultChar="" DefaultNum="." RandomSeed="12345" Normalize="Y" ImputeNoMissing="N" MaxPctMissing="50" ValidateTestMissing="N" DistributionMissing="N" LeafSize="5" Maxbranch="2" Maxdepth="6" MinCatSize="5" Nrules="5" Nsurrs="2" Splitsize="." Indicator="UNIQUE" IndicatorRole="INPUT" ReplaceVariable="N" HideVariable="Y" IndicatorSource="IMPUTED" ForceRun="N" RunAction="Train" Component="Impute">
<VariableProperties/>
<EmVariableAttributes/>
<EmTargetAttributes/>
<EmFileProperties>
<EMNOTES Type="EXTERNAL" Extension="txt">
<Data/>
</EMNOTES>
</EmFileProperties>
</PROPERTIES>
</NODE>
<NODE CLASS="SASHELP.EMASSMT.ASSESS.CLASS" COMPONENT="ModelCompare" ID="MdlComp" X="1313" Y="202" DESCRIPTION="Model Comparison" DIAGRAMID="_ROOT_" PARENTID="" TOOLTYPE="ASSESS" TOOLPREFIX="MdlComp">
<PROPERTIES NumberOfReportedLevels="1E-6" NormalizeReportingVariables="Y" DecileBin="20" LiftEpsilon="1E-6" ProfitEpsilon="1E-6" RoiEpsilon="1E-6" ScoreDistBin="20" RocChart="Y" RocEpsilon="0.01" AssessAllTargetLevels="N" SelectionData="DEFAULT" HPCriteria="DEFAULT" intervalViyaCriteria="DEFAULT" classViyaCriteria="DEFAULT" SelectionTable="TRAIN" SelectionCriteria="DEFAULT" SelectionDepth="10" NumberofBins="20" RecomputeAssess="N" TargetName="" ModelId="" ModelDescription="" ModelCriteria="" ForceRun="N" RunAction="Train" Component="ModelCompare">
<VariableProperties/>
<EmVariableAttributes/>
<EmTargetAttributes/>
<EmFileProperties>
<EMNOTES Type="EXTERNAL" Extension="txt">
<Data/>
</EMNOTES>
</EmFileProperties>
</PROPERTIES>
</NODE>
<NODE CLASS="SASHELP.EMSAMP.EMDPART.CLASS" COMPONENT="Partition" ID="Part" X="242" Y="200" DESCRIPTION="Data Partition" DIAGRAMID="_ROOT_" PARENTID="" TOOLTYPE="SAMPLE" TOOLPREFIX="Part">
<PROPERTIES Method="DEFAULT" TrainPct="40" ValidatePct="30" TestPct="30" RandomSeed="12345" OutputType="DATA" IntervalDistribution="Y" ClassDistribution="Y" ForceRun="N" RunAction="Train" Component="Partition">
<VariableProperties/>
<EmVariableAttributes/>
<EmTargetAttributes/>
<EmFileProperties>
<EMNOTES Type="EXTERNAL" Extension="txt">
<Data/>
</EMNOTES>
</EmFileProperties>
</PROPERTIES>
</NODE>
<NODE CLASS="SASHELP.EMEXPL.MULTIPLOT.CLASS" COMPONENT="MultiPlot" ID="Plot" X="242" Y="138" DESCRIPTION="MultiPlot" DIAGRAMID="_ROOT_" PARENTID="" TOOLTYPE="EXPLORE" TOOLPREFIX="Plot">
<PROPERTIES OutputCatalog="WORK.GOUT" TrainCode="" NumericThreshold="20" Orientation="VERTICAL" Statistic="FREQ" ShowValues="Y" IncludeMissing="Y" IntervalTargetChart="MEAN" ChartType="CHART" IntTargetRegression="LINEAR" DisplayRegEquation="N" ConfidenceInterval="Y" ImageFormat="GIF" ForceRun="N" RunAction="Train" Component="MultiPlot">
<VariableProperties/>
<EmVariableAttributes/>
<EmTargetAttributes/>
<EmFileProperties>
<EMNOTES Type="EXTERNAL" Extension="txt">
<Data/>
</EMNOTES>
</EmFileProperties>
</PROPERTIES>
</NODE>
<NODE CLASS="SASHELP.EMMODL.REGRESSION.CLASS" COMPONENT="Regression" ID="Reg" X="1016" Y="270" DESCRIPTION="Regression" DIAGRAMID="_ROOT_" PARENTID="" TOOLTYPE="MODEL" TOOLPREFIX="Reg">
<PROPERTIES MainEffect="Y" TwoFactor="N" Polynomial="N" PolynomialDegree="2" Terms="N" Error="NORMAL" LinkFunction="LOGIT" SuppressIntercept="N" InputCoding="GLM" MinResourceUse="N" ModelSelection="STEPWISE" SelectionCriterion="DEFAULT" SelectionDefault="Y" Sequential="N" SlEntry="0.05" SlStay="0.05" Start="0" Stop="0" Force="0" Hierarchy="CLASS" Rule="NONE" MaxStep="." StepOutput="N" OptimizationTechnique="DEFAULT" ModelDefaults="Y" MaxIterations="." MaxFunctionCalls="." MaxCPUTime="1 HOUR" ConvDefaults="Y" AbsConvValue="-1.34078E154" AbsFValue="0" AbsFTime="1" AbsGValue="0.00001" AbsGTime="1" AbsXValue="1E-8" AbsXTime="1" FConvValue="0" FConvTimes="1" GConvValue="1E-6" GConvTimes="1" ClParm="N" Covout="N" CovB="N" CorB="N" Simple="N" SuppressOutput="N" Details="N" PrintDesignMatrix="N" SASSPDS="N" Performance="N" ExcludedVariable="REJECT" ForceRun="N" RunAction="Train" Component="Regression" Interactions="">
<VariableProperties/>
<EmVariableAttributes/>
<EmTargetAttributes>
<Class>
<DecData Table="EMWS1.Reg_Class_DD">
<Data>
<Obs CLASS="RECURRENCE-EVENTS" COUNT="33" DATAPRIOR="0.3333333333" TRAINPRIOR="0.2920353982" DECPRIOR="." DECISION1="1" DECISION2="0"/>
<Obs CLASS="NO-RECURRENCE-EVENTS" COUNT="80" DATAPRIOR="0.6666666667" TRAINPRIOR="0.7079646018" DECPRIOR="." DECISION1="0" DECISION2="1"/>
</Data>
<Metadata>
<Variable NAME="Class" LABEL="" LENGTH="32" FORMAT="" TYPE="C"/>
<Variable NAME="COUNT" LABEL="Level Counts" LENGTH="8" FORMAT="10." TYPE="N"/>
<Variable NAME="DATAPRIOR" LABEL="Data Proportions" LENGTH="8" FORMAT="" TYPE="N"/>
<Variable NAME="TRAINPRIOR" LABEL="Training Proportions" LENGTH="8" FORMAT="" TYPE="N"/>
<Variable NAME="DECPRIOR" LABEL="Decision Priors" LENGTH="8" FORMAT="" TYPE="N"/>
<Variable NAME="DECISION1" LABEL="RECURRENCE-EVENTS" LENGTH="8" FORMAT="" TYPE="N"/>
<Variable NAME="DECISION2" LABEL="NO-RECURRENCE-EVENTS" LENGTH="8" FORMAT="" TYPE="N"/>
</Metadata>
</DecData>
<DecMeta Table="EMWS1.Reg_Class_DM">
<Data>
<Obs _TYPE_="MATRIX" VARIABLE="" LABEL="" LEVEL="PROFIT" EVENT="" ORDER="" FORMAT="" TYPE="" COST="" USE="N"/>
<Obs _TYPE_="TARGET" VARIABLE="Class" LABEL="" LEVEL="BINARY" EVENT="RECURRENCE-EVENTS" ORDER="" FORMAT="$20." TYPE="C" COST="" USE=""/>
<Obs _TYPE_="DECISION" VARIABLE="DECISION1" LABEL="RECURRENCE-EVENTS" LEVEL="" EVENT="" ORDER="" FORMAT="" TYPE="N" COST="" USE="Y"/>
<Obs _TYPE_="DECISION" VARIABLE="DECISION2" LABEL="NO-RECURRENCE-EVENTS" LEVEL="" EVENT="" ORDER="" FORMAT="" TYPE="N" COST="" USE="Y"/>
<Obs _TYPE_="DATAPRIOR" VARIABLE="DATAPRIOR" LABEL="Data Prior" LEVEL="" EVENT="" ORDER="" FORMAT="" TYPE="N" COST="" USE="N"/>
<Obs _TYPE_="TRAINPRIOR" VARIABLE="TRAINPRIOR" LABEL="Training Prior" LEVEL="" EVENT="" ORDER="" FORMAT="" TYPE="N" COST="" USE="N"/>
<Obs _TYPE_="DECPRIOR" VARIABLE="DECPRIOR" LABEL="Decision Prior" LEVEL="" EVENT="" ORDER="" FORMAT="" TYPE="N" COST="" USE="N"/>
<Obs _TYPE_="PREDICTED" VARIABLE="P_Classrecurrence_events" LABEL="Predicted: Class=recurrence-events" LEVEL="RECURRENCE-EVENTS" EVENT="" ORDER="" FORMAT="" TYPE="N" COST="" USE=""/>
<Obs _TYPE_="RESIDUAL" VARIABLE="R_Classrecurrence_events" LABEL="Residual: Class=recurrence-events" LEVEL="RECURRENCE-EVENTS" EVENT="" ORDER="" FORMAT="" TYPE="N" COST="" USE=""/>
<Obs _TYPE_="PREDICTED" VARIABLE="P_Classno_recurrence_events" LABEL="Predicted: Class=no-recurrence-events" LEVEL="NO-RECURRENCE-EVENTS" EVENT="" ORDER="" FORMAT="" TYPE="N" COST="" USE=""/>
<Obs _TYPE_="RESIDUAL" VARIABLE="R_Classno_recurrence_events" LABEL="Residual: Class=no-recurrence-events" LEVEL="NO-RECURRENCE-EVENTS" EVENT="" ORDER="" FORMAT="" TYPE="N" COST="" USE=""/>
<Obs _TYPE_="FROM" VARIABLE="F_Class" LABEL="From: Class" LEVEL="" EVENT="" ORDER="" FORMAT="" TYPE="C" COST="" USE=""/>
<Obs _TYPE_="INTO" VARIABLE="I_Class" LABEL="Into: Class" LEVEL="" EVENT="" ORDER="" FORMAT="" TYPE="C" COST="" USE=""/>
</Data>
<Metadata>
<Variable NAME="_TYPE_" LABEL="Type" LENGTH="32" FORMAT="" TYPE="C"/>
<Variable NAME="VARIABLE" LABEL="Variable" LENGTH="32" FORMAT="" TYPE="C"/>
<Variable NAME="LABEL" LABEL="Label" LENGTH="256" FORMAT="" TYPE="C"/>
<Variable NAME="LEVEL" LABEL="Measurement Level" LENGTH="32" FORMAT="" TYPE="C"/>
<Variable NAME="EVENT" LABEL="Target Event" LENGTH="32" FORMAT="" TYPE="C"/>
<Variable NAME="ORDER" LABEL="Order" LENGTH="10" FORMAT="" TYPE="C"/>
<Variable NAME="FORMAT" LABEL="Format" LENGTH="32" FORMAT="" TYPE="C"/>
<Variable NAME="TYPE" LABEL="Type" LENGTH="1" FORMAT="" TYPE="C"/>
<Variable NAME="COST" LABEL="Cost" LENGTH="32" FORMAT="" TYPE="C"/>
<Variable NAME="USE" LABEL="Use" LENGTH="1" FORMAT="" TYPE="C"/>
</Metadata>
</DecMeta>
</Class>
</EmTargetAttributes>
<EmFileProperties>
<EMNOTES Type="EXTERNAL" Extension="txt">
<Data/>
</EMNOTES>
</EmFileProperties>
</PROPERTIES>
</NODE>
<NODE CLASS="SASHELP.EMCORE.EXTENSION.CLASS" COMPONENT="Replace" ID="Repl" X="396" Y="200" DESCRIPTION="Replacement" DIAGRAMID="_ROOT_" PARENTID="" TOOLTYPE="MODIFY" TOOLPREFIX="Repl">
<PROPERTIES Location="CATALOG" Catalog="SASHELP.EMMDFY.REPLACE.SOURCE" HideVariable="N" UnknownLevel="NONE" ReplaceMethod="COMPUTED" CalcMethod="STDDEV" MADSCutoff="9.0" SpacingsCutoff="9.0" StddevCutoff="3.0" PercentsCutoff="0.5" CountReport="Y" ForceRun="N" RunAction="Train" Component="Replace" IntervalMethod="NONE" DataNeeded="Y">
<VariableProperties/>
<EmVariableAttributes/>
<EmTargetAttributes/>
<EmFileProperties>
<USERTRAINCODE Type="EXTERNAL" Extension="sas">
<Data/>
</USERTRAINCODE>
<NEWVALUES Type="DATA">
<Data>
<Obs NAME="Class" LEVEL="_UNKNOWN_" TYPE="C" REPLACE_VALUE="_DEFAULT_"/>
<Obs NAME="age" LEVEL="_UNKNOWN_" TYPE="C" REPLACE_VALUE="_DEFAULT_"/>
<Obs NAME="breast" LEVEL="_UNKNOWN_" TYPE="C" REPLACE_VALUE="_DEFAULT_"/>
<Obs NAME="breast_quad" LEVEL="?" TYPE="C" REPLACE_VALUE="_MISSING_"/>
<Obs NAME="breast_quad" LEVEL="_UNKNOWN_" TYPE="C" REPLACE_VALUE="_DEFAULT_"/>
<Obs NAME="inv_nodes" LEVEL="05-Mar" TYPE="C" REPLACE_VALUE="_UNKNOWN_"/>
<Obs NAME="inv_nodes" LEVEL="11-Sep" TYPE="C" REPLACE_VALUE="_UNKNOWN_"/>
<Obs NAME="inv_nodes" LEVEL="15-17" TYPE="C" REPLACE_VALUE="_UNKNOWN_"/>
<Obs NAME="inv_nodes" LEVEL="08-Jun" TYPE="C" REPLACE_VALUE="_UNKNOWN_"/>
<Obs NAME="inv_nodes" LEVEL="24-26" TYPE="C" REPLACE_VALUE="_UNKNOWN_"/>
<Obs NAME="inv_nodes" LEVEL="_UNKNOWN_" TYPE="C" REPLACE_VALUE="_DEFAULT_"/>
<Obs NAME="irradiat" LEVEL="_UNKNOWN_" TYPE="C" REPLACE_VALUE="_DEFAULT_"/>
<Obs NAME="menopause" LEVEL="_UNKNOWN_" TYPE="C" REPLACE_VALUE="_DEFAULT_"/>
<Obs NAME="node_caps" LEVEL="?" TYPE="C" REPLACE_VALUE="_MISSING_"/>
<Obs NAME="node_caps" LEVEL="_UNKNOWN_" TYPE="C" REPLACE_VALUE="_DEFAULT_"/>
<Obs NAME="tumor_size" LEVEL="14-Oct" TYPE="C" REPLACE_VALUE="_UNKNOWN_"/>
<Obs NAME="tumor_size" LEVEL="09-May" TYPE="C" REPLACE_VALUE="_UNKNOWN_"/>
<Obs NAME="tumor_size" LEVEL="_UNKNOWN_" TYPE="C" REPLACE_VALUE="_DEFAULT_"/>
</Data>
<Metadata>
<Variable NAME="Name" LABEL="Variable" LENGTH="32" FORMAT="" TYPE="C"/>
<Variable NAME="LEVEL" LABEL="Formatted Value" LENGTH="20" FORMAT="" TYPE="C"/>
<Variable NAME="TYPE" LABEL="Type" LENGTH="1" FORMAT="" TYPE="C"/>
<Variable NAME="REPLACE_VALUE" LABEL="Replacement Value" LENGTH="200" FORMAT="" TYPE="C"/>
</Metadata>
</NEWVALUES>
<EMNOTES Type="EXTERNAL" Extension="txt">
<Data/>
</EMNOTES>
</EmFileProperties>
</PROPERTIES>
</NODE>
<NODE CLASS="SASHELP.EMUTIL.EMSCORE.CLASS" COMPONENT="Score" ID="Score" X="1622" Y="202" DESCRIPTION="Score" DIAGRAMID="_ROOT_" PARENTID="" TOOLTYPE="ASSESS" TOOLPREFIX="Score">
<PROPERTIES OutputType="VIEW" FixedOutputNames="Y" HideVariables="N" HideInput="Y" HideTarget="Y" HideRejected="Y" HideAssess="Y" HidePredict="Y" HideFreq="Y" HideClassification="Y" HideResidual="Y" HideOther="Y" ScoreValidate="N" ScoreTest="N" CScore="N" JScore="N" PackageName="DEFAULT" UserPackageName="" PreferenceName="" OptimizedCode="Y" GraphReports="Y" ForceRun="N" RunAction="Train" Component="Score">
<VariableProperties/>
<EmVariableAttributes/>
<EmTargetAttributes/>
<EmFileProperties>
<EMNOTES Type="EXTERNAL" Extension="txt">
<Data/>
</EMNOTES>
</EmFileProperties>
</PROPERTIES>
</NODE>
<NODE CLASS="SASHELP.EMEXPL.STATEXPLORE.CLASS" COMPONENT="StatExplore" ID="Stat" X="244" Y="17" DESCRIPTION="StatExplore" DIAGRAMID="_ROOT_" PARENTID="" TOOLTYPE="EXPLORE" TOOLPREFIX="Stat">
<PROPERTIES BySegment="N" Correlation="Y" Spearman="N" Pearson="Y" ChiSquare="Y" ChiSquareInterval="N" ChiSquareIntervalNBins="5" MaximumVars="1000" HideVariable="Y" DropRejected="Y" UseValidate="N" UseTest="N" UseScore="N" NObs="100000" IntervalDistribution="Y" ClassDistribution="Y" LevelSummary="Y" ForceRun="N" RunAction="Train" Component="StatExplore">
<VariableProperties/>
<EmVariableAttributes/>
<EmTargetAttributes/>
<EmFileProperties>
<CROSSTAB Type="DATA">
<Data/>
<Metadata/>
</CROSSTAB>
<EMNOTES Type="EXTERNAL" Extension="txt">
<Data/>
</EMNOTES>
</EmFileProperties>
</PROPERTIES>
</NODE>
<NODE CLASS="SASHELP.EMMDFY.EMTRANS.CLASS" COMPONENT="Transform" ID="Trans" X="714" Y="200" DESCRIPTION="Transform Variables" DIAGRAMID="_ROOT_" PARENTID="" TOOLTYPE="MODIFY" TOOLPREFIX="Trans">
<PROPERTIES DefaultMethod="NONE" DefaultTargetMethod="NONE" DefaultClassMethod="NONE" DefaultClassTargetMethod="NONE" Offset="1" MinOffset="Y" HideVariable="Y" RejectVariable="Y" GroupCutoff="0.1" GroupMissing="N" EmRandomSeed="12345" EmSampleSize="DEFAULT" EmSampleMethod="FIRSTN" MissingValue="USEINSEARCH" SummaryVariables="TRANSFORMED" SummaryStatistics="Y" UseMetaTransform="Y" MissingAsLevel="N" NumberofBins="VARIABLES" MaxOptimalBins="4" ForceRun="N" RunAction="Train" Component="Transform">
<VariableProperties/>
<EmVariableAttributes>
<DELTA Variable="REP_deg_malig" AttributeName="METHOD" AttributeValue="MAX_NORM"/>
</EmVariableAttributes>
<EmTargetAttributes/>
<EmFileProperties>
<INTERACTION Type="DATA">
<Data/>
<Metadata/>
</INTERACTION>
<FORMULA Type="DATA">
<Data/>
<Metadata>
<Variable NAME="Name" LABEL="Variable Name" LENGTH="32" FORMAT="" TYPE="C"/>
<Variable NAME="Formula" LABEL="Formula" LENGTH="300" FORMAT="" TYPE="C"/>
<Variable NAME="Type" LABEL="Type" LENGTH="1" FORMAT="" TYPE="C"/>
<Variable NAME="Length" LABEL="Length" LENGTH="8" FORMAT="" TYPE="N"/>
<Variable NAME="Format" LABEL="Format" LENGTH="20" FORMAT="" TYPE="C"/>
<Variable NAME="Role" LABEL="Role" LENGTH="32" FORMAT="" TYPE="C"/>
<Variable NAME="Level" LABEL="Measurement Level" LENGTH="10" FORMAT="" TYPE="C"/>
<Variable NAME="Report" LABEL="Report" LENGTH="1" FORMAT="" TYPE="C"/>
<Variable NAME="Label" LABEL="Label" LENGTH="200" FORMAT="" TYPE="C"/>
<Variable NAME="nlevel" LABEL="Number of Levels" LENGTH="8" FORMAT="" TYPE="N"/>
<Variable NAME="nmiss" LABEL="Missing" LENGTH="8" FORMAT="" TYPE="N"/>
<Variable NAME="min" LABEL="Minimum" LENGTH="8" FORMAT="" TYPE="N"/>
<Variable NAME="max" LABEL="Maximum" LENGTH="8" FORMAT="" TYPE="N"/>
<Variable NAME="mean" LABEL="Mean" LENGTH="8" FORMAT="" TYPE="N"/>
<Variable NAME="std" LABEL="Standard Deviation" LENGTH="8" FORMAT="" TYPE="N"/>
<Variable NAME="skewness" LABEL="Skewness" LENGTH="8" FORMAT="" TYPE="N"/>
<Variable NAME="kurtosis" LABEL="Kurtosis" LENGTH="8" FORMAT="" TYPE="N"/>
</Metadata>
</FORMULA>
<EMNOTES Type="EXTERNAL" Extension="txt">
<Data/>
</EMNOTES>
</EmFileProperties>
</PROPERTIES>
</NODE>
<NODE CLASS="SASHELP.EMCORE.EXTENSION.CLASS" COMPONENT="DecisionTree" ID="Tree" X="1014" Y="152" DESCRIPTION="Decision Tree" DIAGRAMID="_ROOT_" PARENTID="" TOOLTYPE="MODEL" TOOLPREFIX="Tree">
<PROPERTIES Location="CATALOG" Catalog="SASHELP.EMMODL.TREE.SOURCE" ToolType="MODEL" TrainMode="BATCH" ImportModel="N" Freeze="N" UseMultipleTarget="N" Precision="4" IntervalCriterion="PROBF" NominalCriterion="PROBCHISQ" OrdinalCriterion="ENTROPY" SigLevel="0.2" Splitsize="." LeafSize="5" MinCatSize="5" Maxbranch="2" Maxdepth="6" Nrules="5" Nsurrs="0" MissingValue="USEINSEARCH" UseVarOnce="N" SplitPrecision="4" Subtree="ASSESSMENT" NSubtree="1" AssessMeasure="PROFIT/LOSS" AssessPercentage="0.25" NodeSample="20000" Exhaustive="5000" Kass="Y" KassApply="BEFORE" Depth="Y" Inputs="N" NumInputs="1" VarSelection="Y" Leafid="Y" NodeRole="SEGMENT" Performance="DISK" CV="Y" CVNIter="10" CVRepeat="1" CVSeed="12345" ObsImportance="N" NumSingleImp="5" UseDecision="N" UsePriors="N" ClassColorBy="PERCENTCORRECT" IntColorBy="AVG" ShowNodeId="Y" ShowValid="Y" Pred="N" Target="ALL" Count="Y" ProfitLoss="NONE" PercentCorrect="N" AVG="Y" RASE="N" CreateSample="DEFAULT" SampleMethod="RANDOM" SampleSize="10000" SampleSeed="12345" ForceRun="N" RunAction="Train" Component="DecisionTree" Criterion="DEFAULT" Dummy="N" Predict="Y" ImportedTreeData="">
<VariableProperties/>
<EmVariableAttributes/>
<EmTargetAttributes>
<Class>
<DecData Table="EMWS1.Tree_Class_DD">
<Data>
<Obs CLASS="RECURRENCE-EVENTS" COUNT="33" DATAPRIOR="0.3333333333" TRAINPRIOR="0.2920353982" DECPRIOR="." DECISION1="1" DECISION2="0"/>
<Obs CLASS="NO-RECURRENCE-EVENTS" COUNT="80" DATAPRIOR="0.6666666667" TRAINPRIOR="0.7079646018" DECPRIOR="." DECISION1="0" DECISION2="1"/>
</Data>
<Metadata>
<Variable NAME="Class" LABEL="" LENGTH="32" FORMAT="" TYPE="C"/>
<Variable NAME="COUNT" LABEL="Level Counts" LENGTH="8" FORMAT="10." TYPE="N"/>
<Variable NAME="DATAPRIOR" LABEL="Data Proportions" LENGTH="8" FORMAT="" TYPE="N"/>
<Variable NAME="TRAINPRIOR" LABEL="Training Proportions" LENGTH="8" FORMAT="" TYPE="N"/>
<Variable NAME="DECPRIOR" LABEL="Decision Priors" LENGTH="8" FORMAT="" TYPE="N"/>
<Variable NAME="DECISION1" LABEL="RECURRENCE-EVENTS" LENGTH="8" FORMAT="" TYPE="N"/>
<Variable NAME="DECISION2" LABEL="NO-RECURRENCE-EVENTS" LENGTH="8" FORMAT="" TYPE="N"/>
</Metadata>
</DecData>
<DecMeta Table="EMWS1.Tree_Class_DM">
<Data>
<Obs _TYPE_="MATRIX" VARIABLE="" LABEL="" LEVEL="PROFIT" EVENT="" ORDER="" FORMAT="" TYPE="" COST="" USE="N"/>
<Obs _TYPE_="TARGET" VARIABLE="Class" LABEL="" LEVEL="BINARY" EVENT="RECURRENCE-EVENTS" ORDER="" FORMAT="$20." TYPE="C" COST="" USE=""/>
<Obs _TYPE_="DECISION" VARIABLE="DECISION1" LABEL="RECURRENCE-EVENTS" LEVEL="" EVENT="" ORDER="" FORMAT="" TYPE="N" COST="" USE="Y"/>
<Obs _TYPE_="DECISION" VARIABLE="DECISION2" LABEL="NO-RECURRENCE-EVENTS" LEVEL="" EVENT="" ORDER="" FORMAT="" TYPE="N" COST="" USE="Y"/>
<Obs _TYPE_="DATAPRIOR" VARIABLE="DATAPRIOR" LABEL="Data Prior" LEVEL="" EVENT="" ORDER="" FORMAT="" TYPE="N" COST="" USE="N"/>
<Obs _TYPE_="TRAINPRIOR" VARIABLE="TRAINPRIOR" LABEL="Training Prior" LEVEL="" EVENT="" ORDER="" FORMAT="" TYPE="N" COST="" USE="N"/>
<Obs _TYPE_="DECPRIOR" VARIABLE="DECPRIOR" LABEL="Decision Prior" LEVEL="" EVENT="" ORDER="" FORMAT="" TYPE="N" COST="" USE="N"/>
<Obs _TYPE_="PREDICTED" VARIABLE="P_Classrecurrence_events" LABEL="Predicted: Class=recurrence-events" LEVEL="RECURRENCE-EVENTS" EVENT="" ORDER="" FORMAT="" TYPE="N" COST="" USE=""/>
<Obs _TYPE_="RESIDUAL" VARIABLE="R_Classrecurrence_events" LABEL="Residual: Class=recurrence-events" LEVEL="RECURRENCE-EVENTS" EVENT="" ORDER="" FORMAT="" TYPE="N" COST="" USE=""/>
<Obs _TYPE_="PREDICTED" VARIABLE="P_Classno_recurrence_events" LABEL="Predicted: Class=no-recurrence-events" LEVEL="NO-RECURRENCE-EVENTS" EVENT="" ORDER="" FORMAT="" TYPE="N" COST="" USE=""/>
<Obs _TYPE_="RESIDUAL" VARIABLE="R_Classno_recurrence_events" LABEL="Residual: Class=no-recurrence-events" LEVEL="NO-RECURRENCE-EVENTS" EVENT="" ORDER="" FORMAT="" TYPE="N" COST="" USE=""/>
<Obs _TYPE_="FROM" VARIABLE="F_Class" LABEL="From: Class" LEVEL="" EVENT="" ORDER="" FORMAT="" TYPE="C" COST="" USE=""/>
<Obs _TYPE_="INTO" VARIABLE="I_Class" LABEL="Into: Class" LEVEL="" EVENT="" ORDER="" FORMAT="" TYPE="C" COST="" USE=""/>
</Data>
<Metadata>
<Variable NAME="_TYPE_" LABEL="Type" LENGTH="32" FORMAT="" TYPE="C"/>
<Variable NAME="VARIABLE" LABEL="Variable" LENGTH="32" FORMAT="" TYPE="C"/>
<Variable NAME="LABEL" LABEL="Label" LENGTH="256" FORMAT="" TYPE="C"/>
<Variable NAME="LEVEL" LABEL="Measurement Level" LENGTH="32" FORMAT="" TYPE="C"/>
<Variable NAME="EVENT" LABEL="Target Event" LENGTH="32" FORMAT="" TYPE="C"/>
<Variable NAME="ORDER" LABEL="Order" LENGTH="10" FORMAT="" TYPE="C"/>
<Variable NAME="FORMAT" LABEL="Format" LENGTH="32" FORMAT="" TYPE="C"/>
<Variable NAME="TYPE" LABEL="Type" LENGTH="1" FORMAT="" TYPE="C"/>
<Variable NAME="COST" LABEL="Cost" LENGTH="32" FORMAT="" TYPE="C"/>
<Variable NAME="USE" LABEL="Use" LENGTH="1" FORMAT="" TYPE="C"/>
</Metadata>
</DecMeta>
</Class>
</EmTargetAttributes>
<EmFileProperties>
<USERTRAINCODE Type="EXTERNAL" Extension="sas">
<Data/>
</USERTRAINCODE>
<EMNOTES Type="EXTERNAL" Extension="txt">
<Data/>
</EMNOTES>
</EmFileProperties>
</PROPERTIES>
</NODE>
</NODES>
<CONNECTIONS>
<CONNECTION FROM="FIMPORT" TO="Part"/>
<CONNECTION FROM="FIMPORT" TO="Plot"/>
<CONNECTION FROM="FIMPORT" TO="GrfExpl"/>
<CONNECTION FROM="FIMPORT" TO="Stat"/>
<CONNECTION FROM="Part" TO="Repl"/>
<CONNECTION FROM="Repl" TO="Impt"/>
<CONNECTION FROM="Impt" TO="Trans"/>
<CONNECTION FROM="Trans" TO="Grp"/>
<CONNECTION FROM="Grp" TO="Tree"/>
<CONNECTION FROM="Tree" TO="CNTRL"/>
<CONNECTION FROM="CNTRL" TO="MdlComp"/>
<CONNECTION FROM="MdlComp" TO="EndGrp"/>
<CONNECTION FROM="EndGrp" TO="Score"/>
<CONNECTION FROM="Grp" TO="Reg"/>
<CONNECTION FROM="Reg" TO="CNTRL"/>
</CONNECTIONS>
<NOTES>
<DATA><![CDATA[

]]>
</DATA>
</NOTES>
</Workspace>
</_ROOT_>
